Segment,Station,Boro,Comments,1998,1999,2000,2001,2002,2003,2004,2005,2006,2007,2008
Broadway/7 Av (CBD),"Wall St (2,3)",M,,5559616,6259166,6791732,7195174,7266956,6846932,6626770,6521454,6873815,7141634,7210267
Broadway/7 Av (CBD),"Fulton St (2,3)",M,"See Manhattan CBD Transfer: Fulton St (A,C,J,Z,2,3,4,5)",,,,,,,,,,,
Broadway/7 Av (CBD),"Park Place (2,3)",M,"See Manhattan CBD Transfer: Chambers St (A,C)/WTC (E)/Park Place (2,3)",,,,,,,,,,,
Broadway/7 Av (CBD),South Ferry (1),M,See Manhattan CBD Transfer: South Ferry (1)/Whitehall St (R),,,,,,,,,,,
Broadway/7 Av (CBD),Rector St (1),M,,1068313,1158258,1313073,953412,419547,1687908,1956366,1998298,1899403,1992921,2281857
Broadway/7 Av (CBD),Cortlandt St (1),M,,4324642,4913073,5400819,3890324,0,0,0,0,0,0,0
Broadway/7 Av (CBD),"Chambers St (1,2,3)",M,,4146877,4980515,4716972,4518907,4143184,4907665,5024961,5219959,5186126,5240212,5501448
Broadway/7 Av (CBD),Franklin St (1),M,,1504541,1637161,1848300,1997511,2119136,1765348,1736731,1764649,1706180,1704179,1740043
Broadway/7 Av (CBD),Canal St (1),M,,1609742,1726845,1919929,1895864,1845972,1735003,1810452,1808762,1708412,1646809,1730591
Broadway/7 Av (CBD),Houston St (1),M,,3503299,3932819,4224075,4149401,4216038,4141308,4076477,3924323,3800768,3840225,3905755
Broadway/7 Av (CBD),Christopher St-Sheridan Sq (1),M,,3332685,3547417,3807049,4159712,4659037,4148222,3803951,3685324,3402169,3457597,3479120
Broadway/7 Av (CBD),"14 St (1,2,3)",M,"See Manhattan CBD Transfer: 14 St (F,M,1,2,3)/6 Av (L)",,,,,,,,,,,
Broadway/7 Av (CBD),18 St (1),M,,2157392,2418870,2644363,2572880,2652564,2474448,2526155,2477803,2446479,2427699,2457457
Broadway/7 Av (CBD),23 St (1),M,,3554246,3877053,4263137,4507936,4547117,4528750,4680703,4775795,4677482,4658455,4615267
Broadway/7 Av (CBD),28 St (1),M,,2714499,3032917,3381107,3521210,3601420,3467608,3575889,3548645,3527112,3585713,3680019
Broadway/7 Av (CBD),"34 St-Penn Station (1,2,3)",M,,21163764,23866514,26533438,26331838,24403007,25995619,26121651,26140328,26362665,27804027,28343889
Broadway/7 Av (CBD),"Times Square-42 St (1,2,3)",M,"See Manhattan CBD Transfer: Times Sq-42 St (N,Q,R,S,1,2,3,7)/42 St (A,C,E)",,,,,,,,,,,
Broadway/7 Av (CBD),50 St (1),M,,6796214,7382893,8052456,7945115,8001597,7757002,8028430,7917491,8151244,8227633,8042404
Broadway/7 Av (CBD),59 St-Columbus Circle (1),M,"See Manhattan CBD Transfer: 59 St-Columbus Circle (A,B,C,D,1)",,,,,,,,,,,
Broadway/7 Av (CBD),Broadway/7 Av (CBD),,,61435830,68733501,74896450,73639284,67875575,69455813,69968536,69782831,69741855,71727104,72988117
Broadway/ 7 Av  (Non-CBD),66 St-Lincoln Center (1),M,,5123117,5537605,6674250,6663749,7100640,7014265,7134810,7096701,7271724,7165177,7090347
Broadway/ 7 Av  (Non-CBD),"72 St (1,2,3)",M,,9606988,10137956,10432954,10328830,9707887,10329897,11137535,11244174,11012939,11471075,11868122
Broadway/ 7 Av  (Non-CBD),79 St (1),M,,4596009,4930167,5319045,5182170,5393711,5179463,5455810,5473507,5459723,5548857,5285382
Broadway/ 7 Av  (Non-CBD),86 St (1),M,,5298715,5517024,5867038,5781073,5973398,5826800,6101130,6151020,6169110,6244181,6096820
Broadway/ 7 Av  (Non-CBD),"96 St (1,2,3)",M,,9203047,10177648,10631201,10421716,10143062,10890582,10778786,10832956,10890386,11285713,11464868
Broadway/ 7 Av  (Non-CBD),Broadway/ 7 Av  (Non-CBD) Total,,,33827876,36300400,38924488,38377538,38318698,39241007,40608071,40798358,40803882,41715003,41805539
Upper Broadway,103 St (1),M,,3726939,3646596,3969127,4012609,3957080,3434373,3990553,4177667,4314609,4347657,4447213
Upper Broadway,Cathedral Pkwy-110 St (1),M,,4132291,3911988,4172774,4280205,4163552,3731184,4075424,4107802,4138496,4225558,4389552
Upper Broadway,116 St-Columbia University (1),M,,3677823,3772845,4127703,4315048,4397610,4228865,4688052,4754989,4816774,4825577,4912623
Upper Broadway,125 St (1),M,,1969460,1918543,2056685,2055499,2094801,1769247,2081841,2231290,2282868,2358932,2444771
Upper Broadway,137 St-City College (1),M,,3692865,3699746,4003597,4188337,4102124,4229328,4352785,4413301,4400422,4515446,4618524
Upper Broadway,145 St (1),M,,2145082,2202792,2443775,2570212,2758898,2742084,2836023,2994977,3153357,3166049,3191262
Upper Broadway,157 St (1),M,,2418584,2476113,2649054,2757059,2862858,2872718,2989571,3073795,3154138,3213412,3255229
Upper Broadway,168 St (1),M,"See Upper Manhattan/Bronx Transfer: 168 St (A,C,1)",,,,,,,,,,,
Upper Broadway,181 St (1),M,,2492360,1587110,2535365,2877344,3026152,3458723,3302850,3355974,3509092,3583169,3764024
Upper Broadway,191 St (1),M,,1782292,1908497,1979623,2055249,2074260,1055873,2065690,2249208,2383493,2441749,2562177
Upper Broadway,Dyckman St (1),M,,1842760,1853761,1960114,2063127,2137188,2106243,2216004,2199188,2340886,2370738,2507617
Upper Broadway,207 St (1),M,,1162327,1157726,1254963,1358164,1472796,1345126,1457342,1538374,1718352,1711716,1907159
Upper Broadway,215 St (1),M,,453916,430925,428118,439038,533069,439168,444736,449209,492357,474222,597454
Upper Broadway,Marble Hill-225 St (1),M,,1088445,1104790,1141916,1205409,1180671,1136316,1277294,1508374,1967720,1782958,1907845
Upper Broadway,231 St (1),Bx,,2202960,2329470,2451143,2525111,2403439,2492483,2595743,2473850,1856137,2531151,2752351
Upper Broadway,238 St (1),Bx,,707090,751374,788884,826023,857516,841087,861486,944743,1179502,1097387,1164038
Upper Broadway,Van Cortlandt Park-242 St (1),Bx,,1603131,1616463,1684037,1679040,1589841,1628826,1677897,1685559,1811283,1829242,1974147
Upper Broadway,Upper Broadway Total,,,35098325,34368739,37646878,39207474,39611855,37511644,40913291,42158300,43519486,44474963,46395986
Lenox Av,"Central Park North-110 St (2,3)",M,,968010,1625505,1902834,2049550,1968176,2052134,2165878,2259699,2297847,2364377,2428811
Lenox Av,"116 St (2,3)",M,,670895,1569929,1941668,2120945,2295394,2488280,2579779,2760007,2942335,3053832,3156704
Lenox Av,"125 St (2,3)",M,,1306739,2549032,3000181,3238556,3292926,3566066,3677323,3769949,4001489,4196876,4342867
Lenox Av,"135 St (2,3)",M,,1724777,2787910,3102246,3283877,3318229,3412540,3448467,3555908,3761274,3853829,3944165
Lenox Av,145 St (3),M,,266639,566354,705817,757668,750535,786654,807763,785192,807125,790639,826061
Lenox Av,Harlem-148 St (3),M,,263059,583898,705870,781063,772323,819551,871935,898597,934115,925233,973522
Lenox Av,Lenox Av Total,,,5200119,9682628,11358616,12231659,12397583,13125225,13551145,14029352,14744185,15184786,15672130
Lexington Av (CBD),"Bowling Green (4,5)",M,,6231436,6594141,7227052,8620774,8991442,7179979,7012780,6701589,6515018,7373350,8149442
Lexington Av (CBD),"Wall St (4,5)",M,,5439330,5841008,6354350,6221822,6230074,5893108,6121749,6026435,6032347,6389005,6554082
Lexington Av (CBD),"Fulton St (4,5)",M,"See Manhattan CBD Transfer: Fulton St (A,C,J,Z,2,3,4,5)",,,,,,,,,,,
Lexington Av (CBD),"Brooklyn Bridge-City Hall (4,5,6)",M,"See Manhattan CBD Transfer: Brooklyn Bridge-City Hall (4,5,6)/Chambers St (J,Z)",,,,,,,,,,,
Lexington Av (CBD),Canal St (6),M,"See Manhattan CBD Transfer: Canal St (J,N,Q,R,Z,6)",,,,,,,,,,,
Lexington Av (CBD),Spring St (6),M,,2108035,2367944,2608415,2953540,3150686,3035949,3227446,3340093,3439297,3605195,3735740
Lexington Av (CBD),Bleecker St (6),M,"See Manhattan CBD Transfer: Broadway-Lafayette St (B,D,F,M)/Bleecker St (6)",,,,,,,,,,,
Lexington Av (CBD),Astor Place (6),M,,4893177,5354130,5644998,6408554,6020810,5558488,5580740,5595880,5674338,5761704,5877128
Lexington Av (CBD),"14 St-Union Sq (4,5,6)",M,"See Manhattan CBD Transfer: 14 St-Union Sq (L,N,Q,R,4,5,6)",,,,,,,,,,,
Lexington Av (CBD),23 St (6),M,,7070839,7475754,7937682,8600995,8625057,8362687,8615431,8774941,8948084,9049048,9239171
Lexington Av (CBD),28 St (6),M,,5475238,5780905,6264428,6366076,6189187,6014145,6185192,6263503,6366135,6593781,6751198
Lexington Av (CBD),33 St (6),M,,6829517,7438606,8127428,8178813,8271183,8174081,8515112,8685143,8916430,9261797,9483622
Lexington Av (CBD),"Grand Central-42 St (4,5,6)",M,"See Manhattan CBD Transfer: Grand Central-42 St (S,4,5,6,7)",,,,,,,,,,,
Lexington Av (CBD),51 St (6),M,"See Manhattan CBD Transfer: Lexington Av-53 St (E,M)/51 St (6)",,,,,,,,,,,
Lexington Av (CBD),"59 St (4,5,6)",M,"See Manhattan CBD Transfer: Lexington Av (N,Q,R)/59 St (4,5,6)",,,,,,,,,,,
Lexington Av (CBD),Lexington Av (CBD) Total,,,38047572,40852488,44164353,47350574,47478439,44218437,45258450,45387584,45891649,48033880,49790383
Lexington Av  (Non-CBD),68 St-Hunter College (6),M,,9023059,9489933,9762139,9837416,9740347,9746974,9889160,9824037,10141574,10421267,10558351
Lexington Av  (Non-CBD),77 St (6),M,,8793602,9077649,9761919,9591457,9526763,9512425,9824355,9842233,10370584,10734505,10954760
Lexington Av  (Non-CBD),"86 St (4,5,6)",M,,15436360,16164877,16898144,16996098,16771535,16734953,17601427,17962809,17927054,18669644,19432701
Lexington Av  (Non-CBD),96 St (6),M,,5860764,6106845,6481299,6497773,6538683,6474437,6629644,6602638,6956287,7229943,7470326
Lexington Av  (Non-CBD),103 St (6),M,,3598220,3816772,4024595,3999075,4008806,3955597,4022155,4056119,4280165,4402659,4573700
Lexington Av  (Non-CBD),110 St (6),M,,2728321,2635497,2775087,2990257,3070608,3021190,3127420,3195159,3385424,3521483,3626056
Lexington Av  (Non-CBD),116 St (6),M,,3196229,3411232,3825716,3983617,4051653,3992506,4115260,4211583,4451923,4585336,4798220
Lexington Av  (Non-CBD),"125 St (4,5,6)",M,,5409808,5521050,5963607,6440074,7003634,7043695,7382846,7563786,7768381,8295082,8681735
Lexington Av  (Non-CBD),Lexington Av  (Non-CBD) Total,,,54046363,56223855,59492506,60335767,60712029,60481777,62592267,63258364,65281392,67859919,70095849
Jerome Av,"138 St-Grand Concourse (4,5)",Bx,,642976,657318,669111,695696,739438,742377,732203,744596,764138,800595,864369
Jerome Av,149 St-Grand Concourse (4),Bx,"See Upper Manhattan/Bronx Transfer: 149 St-Grand Concourse (2,4,5)",,,,,,,,,,,
Jerome Av,161 St-Yankee Stadium (4),Bx,"See Upper Manhattan/Bronx Transfer: 161 St-Yankee Stadium (B,D,4)",,,,,,,,,,,
Jerome Av,167 St (4),Bx,,2040036,2094809,2287301,2375002,2552792,2463162,1899131,2467387,2640679,2715327,2876058
Jerome Av,170 St (4),Bx,,1834615,1871571,2069091,2166104,2343422,2273289,1708634,2195746,2411412,2523549,2735272
Jerome Av,Mt Eden Av (4),Bx,,1284752,1316420,1396569,1428197,1509617,1422198,1305450,1474233,1558846,1538588,1607256
Jerome Av,176 St (4),Bx,,1256701,1280636,1377562,1366489,1462025,1404962,902169,1282421,1633856,1454231,1604117
Jerome Av,Burnside Av (4),Bx,,2454812,2582104,2699242,2764792,2976665,2990327,3301840,3099914,2020817,3182286,3241959
Jerome Av,183 St (4),Bx,,1392781,1384378,1523092,1624672,1740423,1696523,1949172,1813197,1922683,1073820,1864350
Jerome Av,Fordham Rd (4),Bx,,2431497,2465412,2803460,2943268,3195275,3098644,1946018,2937705,3193333,3954572,3643168
Jerome Av,Kingsbridge Rd (4),Bx,,2145017,2177107,2345163,2429177,2589354,2551109,2847877,2705838,2780902,1557595,2754063
Jerome Av,Bedford Park Blvd-Lehman College (4),Bx,,1118074,1112408,1218432,1282122,1441745,1466841,1527419,1584053,996516,1614531,1719816
Jerome Av,Mosholu Pkwy (4),Bx,,2182682,2069046,2194487,2211341,2362883,2388032,2475584,2525920,2621633,2155241,2539286
Jerome Av,Woodlawn (4),Bx,,1226742,1229205,1359360,1421650,1470343,1466328,1501048,1472163,1594128,1963703,2051564
Jerome Av,Jerome Av Total,,,20010685,20240414,21942870,22708510,24383982,23963792,22096545,24303173,24138943,24534038,27501278
White Plains Rd,"149 St-Grand Concourse (2,5)",Bx,"See Upper Manhattan/Bronx Transfer: 149 St-Grand Concourse (2,4,5)",,,,,,,,,,,
White Plains Rd,"3 Av-149 St (2,5)",Bx,,4856638,5403196,5812272,6157503,6191056,6217625,6497196,6636821,6794193,7095262,7393330
White Plains Rd,"Jackson Av (2,5)",Bx,,937999,1100799,1171512,1265164,1240461,1184106,1203331,1251456,1424610,1527291,1600588
White Plains Rd,"Prospect Av (2,5)",Bx,,1376757,1515155,1573887,1669193,1625399,1671719,1653495,1670356,1970278,2208977,2335593
White Plains Rd,"Intervale Av (2,5)",Bx,,533145,591453,613795,668462,678835,676763,661813,749515,776002,826760,870362
White Plains Rd,"Simpson St (2,5)",Bx,,1682397,2031059,2136488,2267465,2186100,2144214,2217715,2145389,2545082,2816132,2974529
White Plains Rd,"Freeman St (2,5)",Bx,,678349,711975,758341,798269,783956,928838,578231,828381,944658,1043539,1150491
White Plains Rd,"174 St (2,5)",Bx,,1244202,1347715,1378309,1506939,1546002,1110688,1580913,1742120,1913276,2047981,2159617
White Plains Rd,"West Farms Sq-East Tremont Av (2,5)",Bx,,1490323,1773067,1707910,1843274,1788715,1793197,1619043,1866907,2149787,2266956,2366256
White Plains Rd,"East 180 St (2,5)",Bx,,1296706,1365778,1440676,1466813,1507479,1584669,1779606,1744416,1811514,1824605,2041507
White Plains Rd,"Bronx Park East (2,5)",Bx,,436025,473868,495671,548956,564374,583895,597634,684312,828281,856682,880102
White Plains Rd,"Pelham Pkwy (2,5)",Bx,,1564393,1733902,1847372,1984764,2006996,2013303,1987079,2153840,1959901,2313926,2514944
White Plains Rd,"Allerton Av (2,5)",Bx,,1217642,1292177,1340966,1427038,1461543,1447198,1604585,979522,1449177,1574252,1625023
White Plains Rd,"Burke Av (2,5)",Bx,,801668,840916,862065,901035,894571,885593,570384,1050160,974624,1019924,1047965
White Plains Rd,"Gun Hill Rd (2,5)",Bx,,1128878,1217640,1346068,1407781,1389294,1312905,1224429,1229700,1644660,1739590,1864323
White Plains Rd,"219 St (2,5)",Bx,,675640,690935,719899,725271,741437,747100,755902,941013,513898,854553,926893
White Plains Rd,"225 St (2,5)",Bx,,826341,854453,872369,901909,966368,959801,934142,676628,1265222,1095409,1173697
White Plains Rd,"233 St (2,5)",Bx,,1222232,1255562,1302185,1283596,1309659,1276372,1250222,1357525,1056953,1375404,1485276
White Plains Rd,"Nereid Av (2,5)",Bx,,709562,748373,811342,798970,819725,817459,801268,1139170,690663,857763,929559
White Plains Rd,Wakefield-241 St (2),Bx,,1014530,1064656,992541,1045011,1087358,1114389,1101554,664272,1132407,1272043,1344876
White Plains Rd,White Plains Rd Total,,,23693427,26012679,27183668,28667413,28789328,28469834,28618542,29511503,31845186,34617049,36684931
Dyre Av,Morris Park (5),Bx,,422950,431820,418034,445159,444319,433831,456571,489782,554611,550547,570262
Dyre Av,Pelham Pkwy (5),Bx,,605027,641922,641137,665085,696860,694114,732950,798976,830675,840151,870544
Dyre Av,Gun Hill Rd (5),Bx,,1456385,1553395,1449127,1532449,1573545,1519853,1590836,1644704,1717442,1753569,1817798
Dyre Av,Baychester Av (5),Bx,,876823,904578,924798,956529,971895,957821,992462,1007547,1085754,1112821,1168224
Dyre Av,Eastchester-Dyre Av (5),Bx,,907969,953725,973483,990129,987813,970739,1005527,1045920,1107354,1146326,1251842
Dyre Av,Dyre Av Total,,,4269154,4485440,4406579,4589351,4674432,4576358,4778346,4986929,5295836,5403414,5678670
Pelham,3 Av-138 St (6),Bx,,1309163,1373246,1452578,1575887,1727620,1731874,1859424,1878180,2031493,2023274,2159647
Pelham,Brook Av (6),Bx,,1257845,1330707,1474818,1573905,1656656,1699350,1732053,1780295,1722026,1825026,1915123
Pelham,Cypress Av (6),Bx,,667164,714152,763070,807611,863821,862614,873732,939542,972373,1037151,1136278
Pelham,East 143 St-St Mary's St (6),Bx,,190324,194144,230725,255783,278303,278239,279588,271348,273671,271886,264788
Pelham,East 149 St (6),Bx,,886210,929906,1045618,1083833,1174670,1205275,1259948,1366935,1331444,1337401,1393227
Pelham,Longwood Av (6),Bx,,701655,688755,766008,808127,865496,914897,991343,1031385,1017825,1031697,1042782
Pelham,Hunts Point Av (6),Bx,,2158528,2354165,2499700,2622658,2820144,2819504,2973060,3019773,3088334,3132363,3255048
Pelham,Whitlock Av (6),Bx,,304062,302548,344712,374535,401770,402958,452648,465565,476628,459855,475282
Pelham,Elder Av (6),Bx,,1406240,1446117,1599948,1701506,1781601,1781097,1875916,1937654,2007213,1999596,2077064
Pelham,Morrison Av-Soundview (6),Bx,,1511079,1525558,1663194,1783678,1862878,1822526,1905455,1906135,1902744,1879569,2025425
Pelham,St Lawrence Av (6),Bx,,947337,961967,1029514,1091196,1113661,1103198,1142207,1159665,1209919,1212190,1297041
Pelham,Parkchester (6),Bx,,3596368,3606470,3782527,3994737,4119632,4056987,4232682,4283952,4430791,4605514,4720570
Pelham,Castle Hill Av (6),Bx,,1597051,1631603,1773070,1840586,1940332,1957022,1997558,1985788,2039260,2021224,2155897
Pelham,Zerega Av (6),Bx,,456882,472206,505126,520826,560347,560782,603535,641423,683731,688598,736708
Pelham,Westchester Sq-East Tremont Av (6),Bx,,1107463,1154852,1302787,1409566,1494067,1530277,1648899,1735351,1798056,1791258,1883509
Pelham,Middletown Rd (6),Bx,,368307,362657,387311,394430,405190,401788,412970,421050,448953,487759,526567
Pelham,Buhre Av (6),Bx,,627841,633771,684670,696159,681302,663511,716129,737962,791940,824727,888854
Pelham,Pelham Bay Park (6),Bx,,1316504,1381447,1504073,1579313,1591111,1589658,1657542,1745036,1825667,1836334,1931973
Pelham,Pelham Total,,,20410023,21064271,22809449,24114336,25338601,25381557,26614689,27307039,28052068,28465422,29885783
Flushing (Manhattan),34 St-Hudson Yards (7),M,,,,,,,,,,,,
Flushing (Manhattan),Times Square (7),M,"See Manhattan CBD Transfer: Times Sq-42 St (N,Q,R,S,1,2,3,7)/42 St (A,C,E)",,,,,,,,,,,
Flushing (Manhattan),5 Av (7),M,"See Manhattan CBD Transfer: 42 St-Bryant Pk (B,D,F,M)/5 Av (7)",,,,,,,,,,,
Flushing (Manhattan),Grand Central (7),M,"See Manhattan CBD Transfer: Grand Central-42 St (S,4,5,6,7)",,,,,,,,,,,
Flushing (Manhattan),Flushing (Manhattan) Total,,,0,0,0,0,0,0,0,0,0,0,0
42 St Shtl,Times Square (S),M,"See Manhattan CBD Transfer: Times Sq-42 St (N,Q,R,S,1,2,3,7)/42 St (A,C,E)",,,,,,,,,,,
42 St Shtl,Grand Central (S),M,"See Manhattan CBD Transfer: Grand Central-42 St (S,4,5,6,7)",,,,,,,,,,,
42 St Shtl,42 St Shtl. Total,,,0,0,0,0,0,0,0,0,0,0,0
Broadway-60 St,Whitehall St-South Ferry (R),M,See Manhattan CBD Transfer: South Ferry (1)/Whitehall St (R),,,,,,,,,,,
Broadway-60 St,Rector St (R),M,,1710253,1857908,2079979,1903269,2978158,2163307,1955190,2306060,3228330,3023850,3051759
Broadway-60 St,Cortlandt St (R),M,,6493394,7340245,7932618,5586383,765926,3038063,4507811,3070371,0,0,0
Broadway-60 St,City Hall (R),M,,2903088,2846293,2874180,2555465,3450263,2893493,2568860,2626333,3071346,3081719,3205157
Broadway-60 St,"Canal St (N,Q,R)",M,"See Manhattan CBD Transfer: Canal St (J,N,Q,R,Z,6)",,,,,,,,,,,
Broadway-60 St,"Prince St (N,R)",M,,3188291,3630750,4158948,3024876,4480411,4575462,4587594,4526663,4444686,4827910,4971704
Broadway-60 St,"8 St-New York University (N,R)",M,,5140452,5397681,6020996,4220951,5758505,5803818,5568299,5374135,5249392,5398289,5469490
Broadway-60 St,"14 St-Union Sq (N,Q,R)",M,"See Manhattan CBD Transfer: 14 St-Union Sq (L,N,Q,R,4,5,6)",,,,,,,,,,,
Broadway-60 St,"23 St (N,R)",M,,4544433,5036508,5394526,3685543,5320605,5230012,5208323,5263778,5306918,5636909,5889298
Broadway-60 St,"28 St (N,R)",M,,2578141,2873119,3191775,2240432,3037161,2967837,3062128,3053983,2838173,2951768,3011248
Broadway-60 St,"34 St-Herald Square (N,Q,R)",M,"See Manhattan CBD Transfer: 34 St-Herald Sq (B,D,F,M,N,Q,R)",,,,,,,,,,,
Broadway-60 St,"Times Sq-42 St (N,Q,R)",M,"See Manhattan CBD Transfer: Times Sq-42 St (N,Q,R,S,1,2,3,7)/42 St (A,C,E)",,,,,,,,,,,
Broadway-60 St,"49 St (N,Q,R)",M,,5512596,5856974,6459390,6956349,8481287,8118611,7241259,7183508,7415223,7976466,8106715
Broadway-60 St,"57 St-7 Av (N,Q,R)",M,,6504272,6718269,7394033,8123781,9117526,8754015,8382981,8449827,8497262,8851888,9132165
Broadway-60 St,"5 Av-59 St (N,Q,R)",M,,4025379,4195295,4677547,4681025,4715430,4498896,4616827,4813944,5056435,5589873,5865430
Broadway-60 St,"Lexington Av-59 St (N,Q,R)",M,"See Manhattan CBD Transfer: Lexington Av (N,Q,R)/59 St (4,5,6)",,,,,,,,,,,
Broadway-60 St,Broadway-60 St Total,,,42600299,45753042,50183992,42978074,48105272,48043514,47699272,46668602,45107765,47338672,48702966
Nassau St,"Broad St (J,Z)",M,,1680011,1342536,1767030,2017217,1893930,1609132,1589170,1625900,1742253,1764904,1866784
Nassau St,"Fulton St (J,Z)",M,"See Manhattan CBD Transfer: Fulton St (A,C,J,Z,2,3,4,5)",,,,,,,,,,,
Nassau St,"Chambers St (J,Z)",M,"See Manhattan CBD Transfer: Brooklyn Bridge-City Hall (4,5,6)/Chambers St (J,Z)",,,,,,,,,,,
Nassau St,"Canal St (J,Z)",M,"See Manhattan CBD Transfer: Canal St (J,N,Q,R,Z,6)",,,,,,,,,,,
Nassau St,"Bowery (J,Z)",M,,143875,123815,250126,374381,477528,531554,530882,589400,694100,819021,938115
Nassau St,"Essex St (J,M,Z)",M,"See Manhattan CBD Transfer: Delancey St (F)/Essex St (J,M,Z)",,,,,,,,,,,
Nassau St,Nassau St Total,,,1823886,1466351,2017156,2391598,2371458,2140686,2120052,2215300,2436353,2583925,2804899
14 St,8 Av (L),M,"See Manhattan CBD Transfer: 14 St (A,C,E)/8 Av (L)",,,,,,,,,,,
14 St,6 Av (L),M,"See Manhattan CBD Transfer: 14 St (F,M,1,2,3)/6 Av (L)",,,,,,,,,,,
14 St,Union Square (L),M,"See Manhattan CBD Transfer: 14 St-Union Sq (L,N,Q,R,4,5,6)",,,,,,,,,,,
14 St,3 Av (L),M,,899948,1020845,1146823,1300193,1360880,1310782,1414139,1366528,1462293,1733892,1825033
14 St,1 Av (L),M,,3382685,3655540,4131324,4574737,4843735,4655067,4992321,4973154,4931530,5598821,6201745
14 St,14 St Total,,,4282633,4676385,5278147,5874930,6204615,5965849,6406460,6339682,6393823,7332713,8026778
6 Av,"Grand St (B,D)",M,,7565225,8434265,9051836,6120697,2040606,1799917,5088831,6196196,7040274,7562391,7916118
6 Av,East Broadway (F),M,,3311632,3572658,3677771,4307356,4589652,4352635,4048710,3951122,4116490,4149390,4281913
6 Av,Delancey St (F),M,"See Manhattan CBD Transfer: Delancey St (F)/Essex St (J,M,Z)",,,,,,,,,,,
6 Av,2 Av (F),M,,2996630,3328903,3637622,3845891,4158457,4279275,4479066,4649539,5039736,5501841,5845342
6 Av,"Broadway-Lafayette St (B,D,F,M)",M,"See Manhattan CBD Transfer: Broadway-Lafayette St (B,D,F,M)/Bleecker St (6)",,,,,,,,,,,
6 Av,"West 4 St-Washington Sq (B,D,F,M)",M,"See Manhattan CBD Transfer: West 4 St-Washington Sq (A,B,C,D,E,F,M)",,,,,,,,,,,
6 Av,"14 St (F,M)",M,"See Manhattan CBD Transfer: 14 St (F,M,1,2,3)/6 Av (L)",,,,,,,,,,,
6 Av,"23 St (F,M)",M,,5086805,5643989,5884822,6028814,6165975,6395319,6711715,6975107,7179443,7512297,7565129
6 Av,"34 St-Herald Sq (B,D,F,M)",M,"See Manhattan CBD Transfer: 34 St-Herald Sq (B,D,F,M,N,Q,R)",,,,,,,,,,,
6 Av,"42 St-Bryant Pk (B,D,F,M)",M,"See Manhattan CBD Transfer: 42 St-Bryant Pk (B,D,F,M)/5 Av (7)",,,,,,,,,,,
6 Av,"47-50 Sts-Rockefeller Center (B,D,F,M)",M,,16219834,17268564,18409112,17591014,15901255,15016674,16203077,16340661,16801789,17628737,17477350
6 Av,6 Av Total,,,35180126,38248379,40661163,37893772,32855945,31843820,36531399,38112625,40177732,42354656,43085852
8 Av,"Fulton St (A,C)",M,"See Manhattan CBD Transfer: Fulton St (A,C,J,Z,2,3,4,5)",,,,,,,,,,,
8 Av,World Trade Center (E),M,"See Manhattan CBD Transfer: Chambers St (A,C)/WTC (E)/Park Place (2,3)",,,,,,,,,,,
8 Av,"Chambers St (A,C)",M,"See Manhattan CBD Transfer: Chambers St (A,C)/WTC (E)/Park Place (2,3)",,,,,,,,,,,
8 Av,"Canal St (A,C,E)",M,,4088512,4364428,4813958,5152150,5309669,4942512,5104588,5032628,5259927,5342257,5537713
8 Av,"Spring St (C,E)",M,,2339186,2637526,2799021,2756454,2616514,2605514,2787051,2873559,3051044,3319086,3399017
8 Av,"West 4 St-Washington Sq (A,C,E)",M,"See Manhattan CBD Transfer: West 4 St-Washington Sq (A,B,C,D,E,F,M)",,,,,,,,,,,
8 Av,"14 St (A,C,E)",M,"See Manhattan CBD Transfer: 14 St (A,C,E)/8 Av (L)",,,,,,,,,,,
8 Av,"23 St (C,E)",M,,4667688,5052915,5412062,5461246,5248443,5244743,5869125,6118062,6455303,6785651,7060491
8 Av,"34 St-Penn Station (A,C,E)",M,,20237799,21338725,22503337,22637540,23727788,21707757,22130711,22484623,23729462,25262174,26013432
8 Av,"42 St-Port Authority Bus Terminal (A,C,E)",M,"See Manhattan CBD Transfer: Times Sq-42 St (N,Q,R,S,1,2,3,7)/42 St (A,C,E)",,,,,,,,,,,
8 Av,"50 St (C,E)",M,,4246821,4775967,5148328,4862746,4844903,4705726,5063371,5135167,5378311,5832174,6014215
8 Av,8 Av Total,,,35580006,38169561,40676706,40870136,41747317,39206252,40954846,41644039,43874047,46541342,48024868
53 St,"7 Av (B,D,E)",M,,3880573,4169294,4302476,3816125,3270470,3022105,3503663,3602310,3886404,4274701,4407607
53 St,"5 Av-53 St (E,M)",M,,6485663,7476721,8972244,8278472,7041443,6479282,6519352,6789453,6989592,7339012,7488443
53 St,"Lexington Av-53 St (E,M)",M,"See Manhattan CBD Transfer: Lexington Av-53 St (E,M)/51 St (6)",,,,,,,,,,,
53 St,53 St Total,,,10366236,11646015,13274720,12094597,10311913,9501387,10023015,10391763,10875996,11613713,11896050
63 St,57 St (F),M,,2209971,2425058,2360527,1861664,3326682,3734712,4075504,4218995,4249311,4473695,4559484
63 St,Lexington Av-63 St (F),M,,461268,653679,1094631,1239510,2970038,3506703,3665329,3695168,3741511,3807931,3951573
63 St,Roosevelt Island (F),M,,1212582,1285574,1371388,1425557,1588381,1596306,1648937,1629783,1927373,1874023,1929468
63 St,63 St Total,,,3883821,4364311,4826546,4526731,7885101,8837721,9389770,9543946,9918195,10155649,10440525
2 Ave,72 St (Q),M,,,,,,,,,,,,
2 Ave,86 St (Q),M,,,,,,,,,,,,
2 Ave,96 St (Q),M,,,,,,,,,,,,
2 Ave,2 Ave Total,,,,,,,,,,,,,
8 Av/Central Pk W,"59 St-Columbus Circle (A,B,C,D)",M,"See Manhattan CBD Transfer: 59 St-Columbus Circle (A,B,C,D,1)",,,,,,,,,,,
8 Av/Central Pk W,"72 St (B,C)",M,,1688084,1925022,2046939,2165933,2182889,2140202,2229597,2264805,2377265,2567885,2750338
8 Av/Central Pk W,"81 St-Museum of Natural History (B,C)",M,,2182199,2269461,3136839,3181389,3173576,3121581,3200841,3264832,3516638,3885270,4073856
8 Av/Central Pk W,"86 St (B,C)",M,,2226072,2537278,2635442,2804933,2815252,2777808,2881330,2917436,3042897,3186744,3288494
8 Av/Central Pk W,"96 St (B,C)",M,,1803103,1987730,2107628,2216182,2265763,2162723,2176470,2193942,2317801,2419299,2583733
8 Av/Central Pk W,"103 St (B,C)",M,,1071782,1193058,1312778,1360123,1396846,1377254,1381689,1399593,1485229,1535588,1599818
8 Av/Central Pk W,"Cathedral Pkwy-110 St (B,C)",M,,1540169,1512217,1586764,1678898,1682946,1694386,1744293,1748294,1847042,1955675,2092340
8 Av/Central Pk W,"116 St (B,C)",M,,1286814,1213099,1269783,1384208,1462264,1411950,1426822,1497769,1618478,1682020,1849963
8 Av/Central Pk W,"125 St (A,B,C,D)",M,,5006576,5124357,5671806,6131145,6453174,6377256,6551212,6672225,7168304,7612421,7986389
8 Av/Central Pk W,"135 St (B,C)",M,,1058949,996199,1019762,1103285,1151802,1052309,1100099,1154615,1274966,1391512,1467646
8 Av/Central Pk W,"145 St (A,B,C,D)",M,,4668128,4860399,5102824,5288463,5442821,5284515,5425628,5492501,5877424,6176544,6602419
8 Av/Central Pk W,8 Av/Central Pk W Total,,,22531876,23618820,25890565,27314559,28027333,27399984,28117981,28606012,30526044,32412958,34294996
Washington Heights,155 St (C),M,,579005,619984,652807,702040,711887,646527,658036,663161,688479,726080,739611
Washington Heights,163 St-Amsterdam Av (C),M,,835760,916375,1039680,1112003,1142295,1082718,1093788,1071437,1082128,1162204,1167101
Washington Heights,"168 St (A,C)",M,"See Upper Manhattan/Bronx Transfer: 168 St (A,C,1)",,,,,,,,,,,
Washington Heights,175 St (A),M,,3022974,3316917,3471691,3610217,3627239,3551952,3654664,3702136,3747567,3754654,3606024
Washington Heights,181 St (A),M,,2569519,2875035,2916181,2935632,2962847,2975335,2991922,2989759,3044053,3040302,2876719
Washington Heights,190 St (A),M,,1002048,1072726,1171420,1238462,1249875,1273651,1249474,1235715,1243455,1242833,1175432
Washington Heights,Dyckman St (A),M,,1701977,1775706,1865413,1919364,1921091,1860921,1873674,1866627,1838297,1837484,1697915
Washington Heights,Inwood-207 St (A),M,,1776515,1992731,2267116,2407026,2411598,2347370,2396624,2512512,2507375,2537715,2375232
Washington Heights,Washington Heights Total,,,11487798,12569474,13384308,13924744,14026832,13738474,13918182,14041347,14151354,14301272,13638034
Concourse,"155 St (B,D)",M,,941841,972596,1020074,1037764,1098713,1096009,1087830,1088096,1138763,1181067,1199549
Concourse,"161 St-Yankee Stadium (B,D)",Bx,"See Upper Manhattan/Bronx Transfer: 161 St-Yankee Stadium (B,D,4)",,,,,,,,,,,
Concourse,"167 St (B,D)",Bx,,2089530,2283831,2367519,2446398,2520038,2582380,2990133,2719646,2782661,2834640,2920517
Concourse,"170 St (B,D)",Bx,,1556528,1671994,1720421,1780736,1799016,1852171,2153603,1886181,1939039,2019834,2092449
Concourse,"174-175 Sts (B,D)",Bx,,1238426,1352788,1432213,1403031,1410738,1428349,1602542,1430258,1441796,1490168,1557954
Concourse,"Tremont Av (B,D)",Bx,,1945230,1982569,1971077,2243693,2322413,2370607,2470037,2522862,2796937,2769024,2811145
Concourse,"182-183 Sts (B,D)",Bx,,1232006,1375101,1399156,1398521,1440142,1457899,1526109,1437260,1476142,1592710,1561529
Concourse,"Fordham Rd (B,D)",Bx,,2712605,2943659,3055844,3164601,3155010,3166411,3620159,3432941,3585680,3711150,3753128
Concourse,"Kingsbridge Rd (B,D)",Bx,,2018498,2196251,2249880,2262686,2242712,2226204,2242866,2195739,2305026,2677855,2475092
Concourse,"Bedford Park Blvd (B,D)",Bx,,1496873,1641083,1677676,1717530,1620235,1628650,1641449,1688768,2062987,1928566,1989894
Concourse,Norwood-205 St (D),Bx,,1993644,2138167,2275911,2316150,2281834,2219040,2243843,2279658,2141876,2382795,2493009
Concourse,Concourse Total,,,17225181,18558039,19169771,19771110,19890851,20027720,21578571,20681409,21670907,22587809,22854266
Manhattan CBD Transfer,South Ferry (1)/Whitehall St (R),M,,7865042,8584274,9257195,7422159,6111569,7254907,7350310,7411316,7922422,8211970,8658540
Manhattan CBD Transfer,"Fulton St (A,C,J,Z,2,3,4,5)",M,,15345945,16870914,17573601,17517708,17265262,15580428,16629417,17103153,17774284,18924944,19813040
Manhattan CBD Transfer,"Chambers St (A,C)/WTC (E)/Park Place (2,3)",M,,15441318,15466106,17176166,13514172,9524464,9920511,11906942,12985669,15063815,15824723,15889622
Manhattan CBD Transfer,"Brooklyn Bridge-City Hall (4,5,6)/Chambers St (J,Z)",M,,9234505,8973289,9183118,9671286,10102123,9477184,9423850,9474425,9842045,9998832,10696528
Manhattan CBD Transfer,"Canal St (J,N,Q,R,Z,6)",M,,8718704,9335880,10531330,13578273,17699470,16858187,15561802,15313624,15666415,15965933,16444588
Manhattan CBD Transfer,"Delancey St (F)/Essex St (J,M,Z)",M,,3706517,4010741,4156715,4513142,4668756,4721469,4889089,5083448,5588232,5833377,6203633
Manhattan CBD Transfer,"Broadway-Lafayette St (B,D,F,M)/Bleecker St (6)",M,,6704379,7861456,8797764,9021857,7384711,7045436,7951789,8808922,9600869,10292447,10815409
Manhattan CBD Transfer,"West 4 St-Washington Sq (A,B,C,D,E,F,M)",M,,11089451,11850830,12485842,12450239,11574810,10618440,10786527,11181872,11649587,12249863,12587648
Manhattan CBD Transfer,"14 St (A,C,E)/8 Av (L)",M,,6154571,6770205,7697808,8159405,8516315,8397479,8997821,9408565,10198181,10985541,11568852
Manhattan CBD Transfer,"14 St (F,M,1,2,3)/6 Av (L)",M,,11240170,12367942,12929785,13215582,13467200,13928910,13930104,13880788,14134446,14761349,15304268
Manhattan CBD Transfer,"14 St-Union Sq (L,N,Q,R,4,5,6)",M,,19391449,21766798,23851302,26068141,27590846,28008398,28818755,29941157,31621871,33744169,35545653
Manhattan CBD Transfer,"34 St-Herald Square (B,D,F,M,N,Q,R)",M,,27153622,30374794,33715832,34800309,36236228,34930603,34765156,35125023,36403459,38564625,39040943
Manhattan CBD Transfer,"Times Sq-42 St (N,Q,R,S,1,2,3,7)/42 St (A,C,E)",M,,41058777,43633617,48878727,51817684,53434865,52506980,53521104,54121544,55487274,58506230,60880668
Manhattan CBD Transfer,"42 St-Bryant Pk (B,D,F,M)/5 Av (7)",M,,12201409,13166962,13955178,12822010,11321938,11033309,12062301,12297955,12859057,13575482,14200488
Manhattan CBD Transfer,"Grand Central-42 St (S,4,5,6,7)",M,,34443717,36246102,39820637,40800094,40225215,39020110,39821812,40269479,41169802,42981811,44600738
Manhattan CBD Transfer,"Lexington Av-53 St (E,M)/51 St (6)",M,,18793463,19710651,20689512,19603483,18945832,17507267,18261306,18733815,19635446,20523760,20475053
Manhattan CBD Transfer,"59 St-Columbus Circle (A,B,C,D,1)",M,,14521839,15664991,16284864,16324078,15507879,15283073,17599338,18495667,19355917,20303125,20858197
Manhattan CBD Transfer,"Lexington Av (N,Q,R)/59 St (4,5,6)",M,,15076987,15626193,16812957,17300862,16432320,16089575,16843476,17312244,18065257,19296354,20053574
Manhattan CBD Transfer,Manhattan CBD Transfer Total,,,278141865,298281745,323798333,328600484,326009803,318182266,329120899,336948666,352038379,370544535,383637442
Upper Manhattan and Bronx Transfer,"168 St (A,C,1)",M,,4966447,5460280,5689799,6008311,6229701,6312792,6397112,6466242,6705557,7068332,7703324
Upper Manhattan and Bronx Transfer,"149 St-Grand Concourse (2,4,5)",Bx,,2392059,2525142,2695631,2861071,3144631,3238418,3339938,3169948,3096279,3112547,3454530
Upper Manhattan and Bronx Transfer,"161 St-Yankee Stadium (B,D,4)",Bx,,6120674,6287870,6403511,6660715,6848109,7060571,7455364,7221332,7462504,7836990,8576546
Upper Manhattan and Bronx Transfer,Upper Manhattan and Bronx Transfer Total,,,13479180,14273292,14788941,15530097,16222441,16611781,17192414,16857522,17264340,18017869,19734400
New Lots,New Lots Av (3),B,,1272652,1353947,1343851,1420953,1463821,1460769,1574321,1652096,1678719,1783927,1840488
New Lots,Van Siclen Av (3),B,,815986,800327,759618,802672,793815,794434,845002,861617,874245,914388,958573
New Lots,Pennsylvania Av (3),B,,1450536,1494837,1469393,1551315,1598755,1621255,1687270,1749473,1762596,1825213,1865416
New Lots,Junius St (3),B,,500904,504158,485484,531351,547721,559548,626405,627933,633760,645442,660409
New Lots,Rockaway Av (3),B,,1490929,1512363,1504867,1596728,1628823,1647398,1748049,1743119,1741118,1759237,1825246
New Lots,Saratoga Av (3),B,,1491289,1499989,1496233,1590897,1619708,1585376,1615304,1573097,1645632,1673813,1720382
New Lots,Sutter Av-Rutland Rd (3),B,,1827912,1828395,1825523,1976281,2041107,2042356,2143838,2229276,2261573,2282569,2335881
New Lots,"Crown Heights-Utica Av (3,4)",B,,7909422,8157157,8344353,8105914,8256438,7988935,8170389,8045350,7973874,8303467,8573661
New Lots,Kingston Av (3),B,,1404648,1485166,1579841,1652636,1587581,1479024,1482215,1477721,1493746,1486763,1544975
New Lots,Nostrand Av (3),B,,1082019,1162425,1231685,1264329,1304281,1219726,1227694,1231518,1221856,1251246,1250756
New Lots,New Lots Total,,,19246297,19798764,20040848,20493076,20842050,20398821,21120487,21191200,21287119,21926065,22575787
Nostrand Av,"Flatbush Av-Brooklyn College (2,5)",B,,5008658,5313129,5499297,5700073,5577393,5622451,5794464,5730642,5761658,5849991,6035079
Nostrand Av,"Newkirk Av (2,5)",B,,2299639,2339290,2395907,2510682,2434317,2399729,2383197,2313604,2316227,2337181,2403333
Nostrand Av,"Beverly Rd (2,5)",B,,1167455,1209554,1231687,1280964,1273390,1240493,1238804,1200774,1206213,1244565,1271764
Nostrand Av,"Church Av (2,5)",B,,2632760,2835892,2999614,3178843,3095410,3107660,3110560,2978276,2918075,2921895,2949285
Nostrand Av,"Winthrop St (2,5)",B,,1601824,1654456,1725075,1811033,1824562,1858568,1884798,1883445,1889691,1936151,2022238
Nostrand Av,"Sterling St (2,5)",B,,1506229,1586587,1628200,1706821,1679298,1661337,1701606,1642743,1655935,1654595,1684561
Nostrand Av,"President St (2,5)",B,,815508,870539,912900,951213,961674,988829,1018882,1010994,1004062,1029299,1065963
Nostrand Av,Nostrand Av Total,,,15032073,15809447,16392680,17139629,16846044,16879067,17132311,16760478,16751861,16973677,17432223
Eastern Pkwy,"Franklin Av (2,3,4,5)",B,"See Other Brooklyn Transfer: Franklin Av (2,3,4,5)/Botanic Garden (S)",,,,,,,,,,,
Eastern Pkwy,"Eastern Pkwy-Brooklyn Museum (2,3)",B,,1339517,1487240,1495842,1458428,1423015,1205671,1332615,1423875,1513677,1564980,1602404
Eastern Pkwy,"Grand Army Plaza (2,3)",B,,2225302,2377927,2524013,2567916,2458950,2466764,2468024,2408194,2387925,2412986,2412424
Eastern Pkwy,"Bergen St (2,3)",B,,929202,1022767,1116147,1150448,1148760,1240083,1301952,1221237,1179634,1207019,1236037
Eastern Pkwy,"Atlantic Av (2,3,4,5)",B,"See Downtown Brooklyn Transfer: Atlantic Av (B,Q,2,3,4,5)/Pacific St (D,N,R)",,,,,,,,,,,
Eastern Pkwy,"Nevins St (2,3,4,5)",B,,3435196,3710448,3772571,3977784,4049864,3929387,3865685,3579170,3388788,3369278,3459284
Eastern Pkwy,"Hoyt St (2,3)",B,,1572982,1784620,1946302,1983805,2074237,2148501,2228525,2066277,2010615,1986330,1938805
Eastern Pkwy,"Borough Hall (2,3,4,5)",B,"See Downtown Brooklyn Transfer: Court St (R)/Borough Hall (2,3,4,5)",,,,,,,,,,,
Eastern Pkwy,"Clark St (2,3)",B,,1311839,1371558,934753,1312498,1262932,1348826,1452070,1513646,1581230,1592264,1627465
Eastern Pkwy,Eastern Pkwy Total,,,10814038,11754560,11789628,12450879,12417758,12339232,12648871,12212399,12061869,12132857,12276419
4 Av,Bay Ridge-95 St (R),B,,1371119,1350242,1481157,1545541,1466030,1385909,1452287,1503445,1580521,1679876,1732989
4 Av,86 St (R),B,,2056988,2179677,2435039,2682398,2727960,2629895,2794984,2970684,3028266,3226321,3343893
4 Av,77 St (R),B,,1171615,1203093,1289358,1339993,1283316,1221606,1282249,1360219,1434352,1503433,1584765
4 Av,Bay Ridge Av (R),B,,1838419,1920635,2077842,2129415,2083265,2054052,2142834,2214351,2301687,2438750,2549155
4 Av,"59 St (N,R)",B,,2228814,2379634,2637388,2753443,2778873,2725216,2938072,3221074,3527847,3705952,3833772
4 Av,53 St (R),B,,1750605,1855248,2064803,2252045,2269061,2122863,2149317,2200997,2331514,2416483,2453450
4 Av,45 St (R),B,,1669877,1784479,1982592,2112871,2115793,1977667,2033116,2120716,2192497,2285612,2358187
4 Av,"36 St (D,N,R)",B,,2332393,2646104,2747294,2884490,3011715,2900752,2925705,3057183,3296936,3344295,3567379
4 Av,25 St (R),B,,835456,904219,1008322,1073103,1144075,1096719,1115815,1130359,1150852,1199657,1223561
4 Av,Prospect Av (R),B,,1262219,1379696,1499826,1557172,1579128,1529294,1568481,1623274,1672368,1788418,1876991
4 Av,9 St (R),B,"See Other Brooklyn Transfer: 4 Av (F,G)/9 St (R)",,,,,,,,,,,
4 Av,Union St (R),B,,1325834,1428992,1537070,1564847,1595701,1579915,1666175,1757968,1828238,1984448,2071096
4 Av,"Atlantic Av-Pacific St (D,N,R)",B,"See Downtown Brooklyn Transfer: Atlantic Av (B,Q,2,3,4,5)/Pacific St (D,N,R)",,,,,,,,,,,
4 Av,DeKalb Av (R),B,"See Downtown Brooklyn Transfer: DeKalb Av (B,Q,R)",,,,,,,,,,,
4 Av,Jay St-MetroTech (R),B,"See Downtown Brooklyn Transfer: Jay St-MetroTech (A,C,F,R)",,,,,,,,,,,
4 Av,Court St (R),B,"See Downtown Brooklyn Transfer: Court St (R)/Borough Hall (2,3,4,5)",,,,,,,,,,,
4 Av,4 Av Total,,,17843339,19032019,20760691,21895318,22054917,21223888,22069035,23160270,24345078,25573245,26595238
Sea Beach,Coney Island-Stillwell Av (N),B,"See Other Brooklyn Transfer: Coney Island-Stillwell Av (D,F,N,Q)",,,,,,,,,,,
Sea Beach,86 St (N),B,,322821,376124,453685,504878,549242,564100,593182,622541,653229,619906,684815
Sea Beach,Avenue U (N),B,,385269,475002,607283,690175,725513,714949,818888,884476,1001487,984530,1116116
Sea Beach,Kings Hwy (N),B,,645783,745954,889762,947757,947550,962908,1122387,1264067,1408418,1406790,1530933
Sea Beach,Bay Pkwy (N),B,,871147,969343,1156255,1256959,1234190,1222385,1388714,1492866,1705404,1725387,1940220
Sea Beach,20 Av (N),B,,687563,789930,910483,944065,910675,879603,955555,1011315,1111079,1074076,1183329
Sea Beach,18 Av (N),B,,684817,814831,1025145,1156288,1117657,1109185,1243078,1311584,1491566,1451716,1614019
Sea Beach,New Utrecht Av (N),B,See Other Brooklyn Transfer: New Utrecht Av (N)/62 St (D),,,,,,,,,,,
Sea Beach,Fort Hamilton Pkwy (N),B,,903793,982925,1146251,1313755,1351000,1320534,1465619,1585319,1772193,1839810,1979256
Sea Beach,8 Av (N),B,,1215069,1424908,1731911,1936527,2104053,2028428,2258935,2434919,2827654,2943759,3196930
Sea Beach,Sea Beach Total,,,5716262,6579017,7920775,8750404,8939880,8802092,9846358,10607087,11971030,12045974,13245618
West End,Coney Island-Stillwell Av (D),B,"See Other Brooklyn Transfer: Coney Island-Stillwell Av (D,F,N,Q)",,,,,,,,,,,
West End,Bay 50 St (D),B,,722811,687682,694850,712530,681181,628364,657107,694458,728452,873104,871867
West End,25 Av (D),B,,1081868,1082593,1152041,1144425,1151126,1113270,1140046,1173384,1245091,1354147,1404084
West End,Bay Pkwy (D),B,,1701120,1764721,1841170,1799643,1784148,1731566,1788560,1852812,1958327,2145203,2241011
West End,20 Av (D),B,,1198356,1217529,1273128,1266071,1241155,1151845,1213529,1243817,1329709,1408668,1489652
West End,18 Av (D),B,,1164072,1188188,1250669,1278318,1290562,1207981,1302602,1359862,1507994,1653638,1792316
West End,79 St (D),B,,1178998,1223630,1349149,1377616,1382045,1356555,1471249,1525320,1628384,1730863,1781752
West End,71 St (D),B,,1231497,1219631,1267675,1222810,1215420,1131547,1149641,1153575,1238499,1384920,1434010
West End,62 St (D),B,See Other Brooklyn Transfer: New Utrecht Av (N)/62 St (D),,,,,,,,,,,
West End,55 St (D),B,,706378,717209,722860,686402,662014,614439,607689,587731,593330,622180,627136
West End,50 St (D),B,,973405,986997,1004297,980036,962325,915679,943349,944558,978644,1002804,1008658
West End,Fort Hamilton Pkwy (D),B,,1121820,1145935,1169675,1134934,1115086,1050652,1046427,1058697,1100212,1148030,1188918
West End,9 Av (D),B,,1345481,1413343,1488321,1443383,1472716,1420577,1514201,1576263,1700871,1861608,1968068
West End,West End Total,,,12425806,12647458,13213835,13046168,12957778,12322475,12834400,13170477,14009513,15185165,15807472
Brighton,Coney Island-Stillwell Av (Q),B,"See Other Brooklyn Transfer: Coney Island-Stillwell Av (D,F,N,Q)",,,,,,,,,,,
Brighton,West 8 St-New York Aquarium (Q),B,"See Other Brooklyn Transfer: West 8 St-New York Aquarium (F,Q)",,,,,,,,,,,
Brighton,Ocean Pkwy (Q),B,,754454,820232,877795,907353,621727,0,439981,832985,896658,935145,969515
Brighton,"Brighton Beach (B,Q)",B,,2705516,3047193,3323896,3443081,3652367,4111623,3777555,3636421,3682370,3895150,4125373
Brighton,"Sheepshead Bay (B,Q)",B,,3169816,3473407,3757722,3841843,3867433,3855559,3932983,4007527,4102969,4298721,4455963
Brighton,Neck Rd (Q),B,,943725,980053,1064966,1085044,1053724,984884,1009368,1046018,1083747,1148045,1172413
Brighton,Avenue U (Q),B,,1877324,2012461,2188249,2193807,2103693,1993261,2037029,2077355,2117306,2271140,2312053
Brighton,"Kings Hwy (B,Q)",B,,4200704,4541767,4891156,5004061,4937319,4698501,4895857,5049980,5222753,5470271,5821580
Brighton,Avenue M (Q),B,,1403160,1493698,1599228,1615247,1578210,1520192,1598614,1602124,1662721,1751074,1851760
Brighton,Avenue J (Q),B,,1529566,1665382,1791034,1811791,1758499,1685260,1754904,1806765,1856023,1973706,2031548
Brighton,Avenue H (Q),B,,706055,728469,778430,790631,767811,718489,800475,779514,797993,850208,887650
Brighton,"Newkirk Plaza (B,Q)",B,,2352391,2572379,2778820,2862955,2798646,2653078,2746599,2862287,2847620,2988166,3138236
Brighton,Cortelyou Rd (Q),B,,1490237,1582311,1720662,1737000,1694013,1630550,1690727,1654061,1735244,1883312,1985030
Brighton,Beverley Rd (Q),B,,766406,796981,866816,869742,818145,784967,823617,841253,847945,900828,917474
Brighton,"Church Av (B,Q)",B,,4218228,4495304,4930357,5030954,4995179,4667324,4715963,4688554,4648529,4875322,5173847
Brighton,Parkside Av (Q),B,,1523453,1607761,1757033,1743762,1634039,1495677,1571519,1635068,1724314,1827294,1855373
Brighton,"Prospect Park (B,Q)",B,"See Other Brooklyn Transfer: Prospect Park (B,Q,S)",,,,,,,,,,,
Brighton,"7 Av (B,Q)",B,,2402023,2514565,2585810,2530853,2467926,2317389,2453555,2544058,2727645,2919809,3071778
Brighton,"Atlantic Av (B,Q)",B,"See Downtown Brooklyn Transfer: Atlantic Av (B,Q,2,3,4,5)/Pacific St (D,N,R)",,,,,,,,,,,
Brighton,"DeKalb Av (B,Q)",B,"See Downtown Brooklyn Transfer: DeKalb Av (B,Q,R)",,,,,,,,,,,
Brighton,Brighton Total,,,30043058,32331963,34911974,35468124,34748731,33116754,34248746,35063970,35953837,37988191,39769593
Franklin Av,Prospect Park (S),B,"See Other Brooklyn Transfer: Prospect Park (B,Q,S)",,,,,,,,,,,
Franklin Av,Botanic Garden (S),B,"See Other Brooklyn Transfer: Franklin Av (2,3,4,5)/Botanic Garden (S)",,,,,,,,,,,
Franklin Av,Park Pl (S),B,,121713,69661,508091,617390,631818,562379,573937,602103,697221,750049,767373
Franklin Av,Franklin Av (S),B,"See Other Brooklyn Transfer: Franklin Av (C,S)",,,,,,,,,,,
Franklin Av,Franklin Av Total,,,121713,69661,508091,617390,631818,562379,573937,602103,697221,750049,767373
Culver,Coney Island-Stillwell Av (F),B,"See Other Brooklyn Transfer: Coney Island-Stillwell Av (D,F,N,Q)",,,,,,,,,,,
Culver,West 8 St-New York Aquarium (F),B,"See Other Brooklyn Transfer: West 8 St-New York Aquarium (F,Q)",,,,,,,,,,,
Culver,Neptune Av (F),B,,503561,478010,504119,544204,378933,0,250902,431424,488886,492359,490569
Culver,Avenue X (F),B,,810209,849007,892584,928461,1286868,2009044,1258144,891068,887558,886355,877399
Culver,Avenue U (F),B,,603561,637046,677118,720386,752875,682742,659164,653891,659851,676788,678084
Culver,Kings Hwy (F),B,,936606,1018831,1062204,1176295,1214280,1133573,1074326,1024797,1078416,1106013,1105178
Culver,Avenue P (F),B,,791610,853884,893706,919610,909273,823420,822928,823942,844776,892585,900117
Culver,Avenue N (F),B,,860170,932632,980643,1046714,1060932,1002106,980617,956171,995080,1051230,1067437
Culver,Bay Pkwy (F),B,,265960,339813,363739,422274,471204,478962,442295,411856,426546,448356,441249
Culver,Avenue I (F),B,,620728,688229,755743,826442,808404,738137,728014,720435,735127,736191,741356
Culver,18 Av (F),B,,1039272,1126006,1158753,1238326,1269537,1236767,1215221,1200691,1272092,1288783,1311236
Culver,Ditmas Av (F),B,,1218411,1319344,1383950,1456372,1446975,1358575,1365505,1387576,1449069,1484299,1478231
Culver,"Church Av (F,G)",B,,2455185,2566814,2718439,2920039,2968013,2859021,2811906,2794222,2894749,2941806,2965803
Culver,"Fort Hamilton Pkwy (F,G)",B,,932251,1041603,1156434,1218642,1231553,1229338,1236250,1203764,1356642,1419753,1474745
Culver,"15 St-Prospect Park (F,G)",B,,1430618,1541525,1650783,1729841,1745165,1722748,1713417,1642495,1809200,1848820,1849326
Culver,"7 Av (F,G)",B,,2721190,2947071,3163366,3411415,3381395,3328654,3316844,3291566,3418784,3507448,3451277
Culver,"4 Av (F,G)",B,"See Other Brooklyn Transfer: 4 Av (F,G)/9 St (R)",,,,,,,,,,,
Culver,"Smith-9 Sts (F,G)",B,,858514,936647,1038821,1105885,1155453,1129230,1161454,1181178,1247663,1313577,1439644
Culver,"Carroll St (F,G)",B,,2333168,2479788,2670820,2733229,2754708,2730529,2739175,2731021,2926322,3059642,3089357
Culver,"Bergen St (F,G)",B,,2077902,2179230,2442131,2670029,2861160,2839903,2800408,2802621,3021695,3126241,3169916
Culver,Jay St-MetroTech (F),B,"See Downtown Brooklyn Transfer: Jay St-MetroTech (A,C,F,R)",,,,,,,,,,,
Culver,York St (F),B,,760796,880511,996783,1081694,1126964,1093789,1151703,1250430,1428242,1603908,1855120
Culver,Culver Total,,,21219712,22815991,24510136,26149858,26823692,26396538,25728273,25399148,26940698,27884154,28386044
Rockaway,"Rockaway Park-Beach 116 St (A,S)",Q,,300964,304775,297101,309968,339050,287672,283269,288399,309175,284184,293817
Rockaway,"Beach 105 St (A,S)",Q,,73692,72325,67523,70324,82571,78973,79375,74316,81776,78625,86044
Rockaway,"Beach 98 St (A,S)",Q,,190371,174817,172992,204734,245995,258467,267633,276116,307880,266027,232945
Rockaway,"Beach 90 St (A,S)",Q,,312464,307696,295156,303880,315225,302875,291300,315086,450634,351425,411581
Rockaway,Far Rockaway-Mott Av (A),Q,,1128532,1153707,1209684,1251685,1315459,1245249,1261486,1291830,1300501,1340080,1410829
Rockaway,Beach 25 St (A),Q,,514031,506709,500922,494252,504305,472368,465283,478759,483783,519992,554927
Rockaway,Beach 36 St (A),Q,,161608,167462,177950,184313,186328,179191,208481,237131,252933,267575,269057
Rockaway,Beach 44 St (A),Q,,115667,117931,112609,113004,116154,116074,126569,132836,139454,161583,186281
Rockaway,Beach 60 St (A),Q,,599662,583545,597701,593055,599752,587758,621841,684241,716916,755916,767363
Rockaway,Beach 67 St-Arverne By The Sea (A),Q,,409316,420976,428376,445581,462079,442288,470349,554947,512214,548672,587384
Rockaway,"Broad Channel (A,S)",Q,,79763,84381,88969,95085,99680,91353,90668,98797,103502,99178,103573
Rockaway,Howard Beach-JFK Airport (A),Q,,984728,1052475,1119085,1115611,1116106,1056239,767829,853092,879258,952812,1005669
Rockaway,Aqueduct-North Conduit Av (A),Q,,259065,258835,257305,238811,246582,223599,254798,256527,273839,268999,268814
Rockaway,Aqueduct Racetrack (A),Q,,41081,42608,40180,34960,45833,33714,36693,32521,39081,29868,30535
Rockaway,Rockaway Total,,,5170944,5248242,5365553,5455263,5675119,5375820,5225574,5574598,5850946,5924936,6208819
Lefferts Blvd,Ozone Park-Lefferts Blvd (A),Q,,2018138,2136297,2155650,2258782,2204210,2152472,2323835,2296177,2281696,2256299,2375496
Lefferts Blvd,111 St (A),Q,,804423,779154,777414,804808,770071,753474,784024,783141,808656,784560,823229
Lefferts Blvd,104 St (A),Q,,536432,521255,542599,560238,562537,546579,538356,540182,546821,534166,550019
Lefferts Blvd,Lefferts Blvd Total,,,3358993,3436706,3475663,3623828,3536818,3452525,3646215,3619500,3637173,3575025,3748744
Fulton St,Rockaway Blvd (A),Q,,1597151,1711831,1827272,1934736,1887847,1850703,1916464,1940333,2034344,2124742,2254731
Fulton St,88 St (A),Q,,609895,666138,701021,716486,699866,689475,714502,729251,748114,768436,812392
Fulton St,80 St (A),Q,,929499,944427,1000890,1064286,1027982,1035918,1062322,1103772,1215401,1264255,1315559
Fulton St,Grant Av (A),B,,1637037,1703319,1764089,1821005,1836149,1794294,1831280,1788520,1890764,1858974,1940737
Fulton St,"Euclid Av (A,C)",B,,2234535,2362686,2533878,2652161,2746113,2675549,2695952,2714696,2867762,2866128,2995164
Fulton St,Shepherd Av (C),B,,683803,708127,744227,751578,790931,762285,775145,808483,888680,912247,966964
Fulton St,Van Siclen Av (C),B,,694404,705831,749710,762661,749265,720439,744108,748594,836888,833443,915167
Fulton St,Liberty Av (C),B,,810179,859962,912375,958094,953558,900216,913733,889600,933506,891810,898961
Fulton St,"Broadway Junction (A,C)",B,"See Other Brooklyn Transfer: Broadway Junction (A,C,J,L,Z)",,,,,,,,,,,
Fulton St,Rockaway Av (C),B,,1114636,1161210,1235289,1281877,1276144,1210369,1277586,1363616,1447347,1446190,1522803
Fulton St,Ralph Av (C),B,,973438,1035173,1119354,1229837,1260986,1223034,1272284,1282366,1371497,1434216,1498036
Fulton St,"Utica Av (A,C)",B,,2882737,3210860,3485766,3799809,3973802,3824304,3904770,3946958,4204548,4171867,4435837
Fulton St,Kingston-Throop Avs (C),B,,1461417,1473414,1494024,1550977,1549536,1427297,1441842,1439534,1500794,1513915,1577316
Fulton St,"Nostrand Av (A,C)",B,,3518472,3862745,4180137,4459344,4576228,4412071,4488165,4486232,4748062,4666962,5034844
Fulton St,Franklin Av (C),B,"See Other Brooklyn Transfer: Franklin Av (C,S)",,,,,,,,,,,
Fulton St,Clinton-Washington Avs (C),B,,1120465,1198597,1249379,1383247,1395579,1379917,1441346,1427311,1512786,1531187,1636635
Fulton St,Lafayette Av (C),B,,1080736,1109533,1127943,1253523,1317980,1253975,1294346,1227212,1324976,1339622,1472253
Fulton St,"Hoyt-Schermerhorn Sts (A,C)",B,"See Downtown Brooklyn Transfer: Hoyt-Schermerhorn Sts (A,C,G)",,,,,,,,,,,
Fulton St,"Jay St-MetroTech (A,C)",B,"See Downtown Brooklyn Transfer: Jay St-MetroTech (A,C,F,R)",,,,,,,,,,,
Fulton St,"High St (A,C)",B,,1242898,1340234,1626500,1621599,1711309,1559736,1576175,1587150,1675852,1746191,1915125
Fulton St,Fulton St Total,,,22591302,24054087,25751854,27241220,27753275,26719582,27350020,27483628,29201321,29370185,31192524
Crosstown,Hoyt-Schermerhorn Sts (G),B,"See Downtown Brooklyn Transfer: Hoyt-Schermerhorn Sts (A,C,G)",,,,,,,,,,,
Crosstown,Fulton St (G),B,,518569,547048,608174,692588,701888,710085,745579,795221,893809,935284,1013751
Crosstown,Clinton-Washington Avs (G),B,,1056003,1063337,1166615,1204231,1304989,1329916,1354478,1359127,1421327,1417193,1464016
Crosstown,Classon Av (G),B,,718265,758412,824706,877937,918483,937288,960900,983256,1079948,1102407,1145468
Crosstown,Bedford-Nostrand Avs (G),B,,932563,969251,1035282,1095782,1135688,1143237,1247212,1354101,1482394,1660873,1820311
Crosstown,Myrtle-Willoughby Avs (G),B,,794828,887146,952363,1002502,1052494,1057088,1053000,1068326,1137802,1192656,1307569
Crosstown,Flushing Av (G),B,,480265,561691,581193,605843,630824,603868,609108,597146,591626,596342,599449
Crosstown,Broadway (G),B,,738637,972792,955839,994410,995803,955062,958173,969859,1010646,1006749,1032689
Crosstown,Metropolitan Av (G),B,See Other Brooklyn Transfer: Lorimer St (L)/Metropolitan Av (G),,,,,,,,,,,
Crosstown,Nassau Av (G),B,,1908766,1969467,2105943,2092116,2106243,2155562,2214967,2271946,2409331,2363088,2391486
Crosstown,Greenpoint Av (G),B,,1994476,2149293,2367567,2396391,2328851,2301183,2338708,2319763,2327950,2305443,2392113
Crosstown,21 St (G),Q,,193678,213594,255531,271923,245212,241231,232740,244254,275914,300359,315835
Crosstown,Court Sq (G),Q,"See Queens Transfer: Court Sq (E,G,M,7)",,,,,,,,,,,
Crosstown,Crosstown Total,,,9336050,10092031,10853213,11233723,11420475,11434520,11714865,11962999,12630747,12880394,13482687
Queens Blvd,21 St-Queensbridge (F),Q,,640954,754803,965975,1075486,1817341,2043820,2146962,2126490,2101042,2156028,2237998
Queens Blvd,"Court Sq-23 St (E,M)",Q,"See Queens Transfer: Court Sq (E,G,M,7)",,,,,,,,,,,
Queens Blvd,"Queens Plaza (E,M,R)",Q,,3241046,3653047,3878334,3448908,2686896,2368533,2295796,2173853,2264150,2431479,2531924
Queens Blvd,"36 St (M,R)",Q,,863955,949695,989876,1000007,967884,962171,968032,895702,910220,928673,962391
Queens Blvd,"Steinway St (M,R)",Q,,3863241,4205022,4607608,4700047,4687746,4464418,4428419,4338951,4355617,4467959,4659675
Queens Blvd,"46 St (M,R)",Q,,2276821,2492862,2657446,2738594,2860570,2786042,2830363,2856111,2904102,3013452,3115423
Queens Blvd,"Northern Blvd (M,R)",Q,,1619007,1834865,2016647,2111509,2100045,2054532,2085156,2089538,2137222,2204059,2353366
Queens Blvd,"65 St (M,R)",Q,,799396,872496,958693,968872,974652,913299,934298,976764,987693,1044744,1088018
Queens Blvd,"Jackson Hts-Roosevelt Av (E,F,M,R)",Q,"See Queens Transfer: 74-Broadway (7)/Jackson Hts-Roosevelt Av (E,F,M,R)",,,,,,,,,,,
Queens Blvd,"Elmhurst Av (M,R)",Q,,3072146,3310572,3676758,3841617,4082043,4101976,4119218,4122729,4198892,4336533,4468498
Queens Blvd,"Grand Av-Newtown (M,R)",Q,,3398561,3710695,4018340,4275175,4756421,4758478,4946239,5188683,5428004,5549621,5707340
Queens Blvd,"Woodhaven Blvd (M,R)",Q,,5433833,5778531,6130686,6254631,6468305,6215717,6437633,6755466,7121569,7443133,7695845
Queens Blvd,"63 Dr-Rego Park (M,R)",Q,,4083824,4293629,4689486,4877084,4932412,4741580,4709655,4687044,4797795,4666901,4690625
Queens Blvd,"67 Av (M,R)",Q,,2317157,2329134,2476908,2533905,2608034,2588095,2615090,2678389,2719842,2760770,2841420
Queens Blvd,"Forest Hills-71 Av (E,F,M,R)",Q,,6839005,7354446,7724281,7971741,7853067,7705078,7876546,7872552,8123956,8249613,8407640
Queens Blvd,"75 Av (E,F)",Q,,965419,1068609,1138737,1129511,1142805,1131027,1144755,1128578,1141863,1155358,1141477
Queens Blvd,"Kew Gardens-Union Turnpike (E,F)",Q,,7021647,7365931,7693800,7774734,8023471,7631641,7499043,7338540,7630925,7865052,8147255
Queens Blvd,"Briarwood-Van Wyck Blvd (E,F)",Q,,1539520,1638500,1743676,1752752,1761895,1693134,1709084,1733931,1794900,1794777,1855107
Queens Blvd,Sutphin Blvd (F),Q,,1195684,1304927,1367453,1372551,1379915,1344339,1366571,1336821,1377422,1357689,1399317
Queens Blvd,Parsons Blvd (F),Q,,1810352,1929754,1996516,2020445,1896263,1799855,1779330,1754436,1782783,1840179,1902715
Queens Blvd,169 St (F),Q,,2192077,2299396,2448489,2494933,2462782,2346677,2344290,2323544,2404252,2477996,2609045
Queens Blvd,Jamaica-179 St (F),Q,,6551150,6890473,7193402,7197237,7043211,6716202,6731071,6661425,6696942,6692124,6887104
Queens Blvd,Jamaica-Van Wyck (E),Q,,1327613,1401117,1456896,1428625,1476982,1411353,1421229,1489744,1466843,1495426,1366891
Queens Blvd,Sutphin Blvd-Archer Av-JFK Airport (E),Q,"See Queens Transfer: Sutphin Blvd-Archer Av-JFK Airport (E,J,Z)",,,,,,,,,,,
Queens Blvd,Jamaica Center-Parsons-Archer (E),Q,"See Queens Transfer: Jamaica Center-Parsons-Archer (E,J,Z)",,,,,,,,,,,
Queens Blvd,Queens Blvd Total,,,61052408,65438504,69830007,70968364,71982740,69777967,70388780,70529291,72346034,73931566,76069074
Jamaica,"Jamaica Center-Parsons-Archer (J,Z)",Q,"See Queens Transfer: Jamaica Center-Parsons-Archer (E,J,Z)",,,,,,,,,,,
Jamaica,"Sutphin Blvd-Archer Av-JFK Airport (J,Z)",Q,"See Queens Transfer: Sutphin Blvd-Archer Av-JFK Airport (E,J,Z)",,,,,,,,,,,
Jamaica,"121 St (J,Z)",Q,,480763,473254,543932,547283,526906,525808,557178,552109,564201,569945,618089
Jamaica,111 St (J),Q,,615101,626111,654333,681993,687152,687682,708300,729180,767389,766667,788314
Jamaica,"104 St (J,Z)",Q,,597237,607305,642137,701132,651842,627814,653122,659876,702374,722113,765115
Jamaica,"Woodhaven Blvd (J,Z)",Q,,803909,811218,887728,959802,971635,978734,1062549,1085551,1147011,1180476,1269407
Jamaica,85 St-Forest Pkwy (J),Q,,812337,858008,923953,986167,997479,1009608,1052091,1038453,1105465,1115695,1134066
Jamaica,"75 St-Elderts Ln (J,Z)",Q,,828231,852946,913014,936366,954450,982299,1021645,1002298,1094080,1082548,1138288
Jamaica,Cypress Hills (J),B,,293127,301280,333286,384611,397476,394158,369361,368182,593808,425388,429277
Jamaica,"Crescent St (J,Z)",B,,1131938,1128011,1195070,1242289,1285085,1282122,1284988,1428345,811741,1277248,1436424
Jamaica,"Norwood Av (J,Z)",B,,813549,830750,853214,872507,886048,861178,893055,496936,945068,1009451,1077051
Jamaica,Cleveland St (J),B,,769497,795633,806004,835133,836769,804319,824002,944693,704932,818018,937050
Jamaica,"Van Siclen Av (J,Z)",B,,604269,603460,657301,665636,662404,669551,702250,724441,523111,717189,780986
Jamaica,Alabama Av (J),B,,388882,473003,561452,621905,663227,682934,723947,333184,581954,605337,675258
Jamaica,"Broadway Junction (J,Z)",B,"See Other Brooklyn Transfer: Broadway Junction (A,C,J,L,Z)",,,,,,,,,,,
Jamaica,"Chauncey St (J,Z)",B,,510775,475925,442672,472913,598079,601795,626307,674895,704068,771353,822076
Jamaica,Halsey St (J),B,,1005791,982795,1093788,1090096,1023710,1187843,1244439,1312532,1393164,1503525,1619882
Jamaica,"Gates Av (J,Z)",B,,995783,882089,878288,889505,1150251,1179023,1279317,1329822,1390938,1495901,1609242
Jamaica,Kosciuszko St (J),B,,747696,652109,755744,766967,642028,808386,891833,993223,1081542,1198873,1293503
Jamaica,"Myrtle Av (J,M,Z)",B,,1358625,1237776,1445183,1717802,1847117,1807115,1914063,2045577,2252520,2434091,2676471
Jamaica,"Flushing Av (J,M)",B,,1533753,1246103,1479988,1500323,1502071,1763948,1858787,1967143,2073472,2189891,2359615
Jamaica,"Lorimer St (J,M)",B,,733644,521758,636965,606643,798094,876628,949666,1049014,1165645,1233330,1345921
Jamaica,"Hewes St (J,M)",B,,472781,367422,524681,473727,432707,725563,866705,653042,646500,657361,703052
Jamaica,"Marcy Av (J,M,Z)",B,,1847238,1368283,1878856,1967312,1895641,1667630,1465104,2150307,2537777,2600039,2897071
Jamaica,Jamaica Total,,,17344926,16095239,18107589,18920112,19410171,20124138,20948709,21538803,22786760,24374439,26376158
Myrtle Av,Middle Village-Metropolitan Av (M),Q,,980478,794838,946899,978423,958814,959474,940431,963176,980228,1023174,1116504
Myrtle Av,Fresh Pond Rd (M),Q,,1096676,1011576,1153978,1200058,1197019,1167764,1199284,1234878,1328877,1364646,1453096
Myrtle Av,Forest Av (M),Q,,825650,787101,889845,942974,937490,947229,955475,970061,1020734,1021673,1055248
Myrtle Av,Seneca Av (M),Q,,517308,418420,515735,529668,541514,578499,581806,618770,668875,648147,662730
Myrtle Av,Myrtle-Wyckoff Avs (M),B,"See Other Brooklyn Transfer: Myrtle-Wyckoff Avs (L,M)",,,,,,,,,,,
Myrtle Av,Knickerbocker Av (M),B,,777074,685186,767884,851836,853423,874095,837820,909968,992499,965345,1018665
Myrtle Av,Central Av (M),B,,320396,308538,351638,405463,461612,488636,494447,510728,593241,620228,684847
Myrtle Av,Myrtle Av Total,,,4517582,4005659,4625979,4908422,4949872,5015697,5009263,5207581,5584454,5643213,5991090
Canarsie,Canarsie-Rockaway Pkwy (L),B,,2361160,2610464,2873821,3118706,3213675,3130551,3005573,3138066,3393413,3601731,3773940
Canarsie,East 105 St (L),B,,702894,721674,774380,785548,792330,764503,717132,748816,839813,933164,1017671
Canarsie,New Lots Av (L),B,,500881,571950,670080,726318,788434,824957,769819,751125,817620,939010,1072250
Canarsie,Livonia Av (L),B,,364160,404753,449545,475538,514316,513603,473460,511699,512426,603620,691560
Canarsie,Sutter Av (L),B,,755344,818461,968546,945035,955316,830910,627492,799538,812545,1001950,1104244
Canarsie,Atlantic Av (L),B,,159935,195366,236626,237261,210638,231472,231450,250595,293079,339874,386672
Canarsie,Broadway Junction (L),B,"See Other Brooklyn Transfer: Broadway Junction (A,C,J,L,Z)",,,,,,,,,,,
Canarsie,Bushwick Av-Aberdeen St (L),B,,217643,251334,259722,261751,281850,260329,268539,258415,270326,315597,366270
Canarsie,Wilson Av (L),B,,639418,700613,718485,746073,813627,748586,776011,749550,795638,931948,1055011
Canarsie,Halsey St (L),B,,1184165,1297954,1327024,1379653,1461432,1352244,1451513,1487945,1558058,1758909,1946762
Canarsie,Myrtle-Wyckoff Avs (L),B,"See Other Brooklyn Transfer: Myrtle-Wyckoff Avs (L,M)",,,,,,,,,,,
Canarsie,DeKalb Av (L),B,,1793672,2053889,2259664,2479825,2627958,2561679,2787111,2705175,2754838,3024645,3329950
Canarsie,Jefferson St (L),B,,956242,1036814,1142771,1237370,1213196,1115693,1186313,1185826,1255743,1403678,1569253
Canarsie,Morgan Av (L),B,,672653,736460,809476,869148,901318,937331,1126156,1135437,1217986,1455193,1664668
Canarsie,Montrose Av (L),B,,955260,1149453,1229329,1361833,1459747,1325136,1437803,1399841,1394241,1593816,1747376
Canarsie,Grand St (L),B,,1159806,1319251,1475305,1623686,1754342,1693319,1798462,1729826,1788622,1925383,2075718
Canarsie,Graham Av (L),B,,1610041,1751983,1899410,2030039,2133619,2081090,2275553,2247520,2310077,2505392,2727719
Canarsie,Lorimer St (L),B,See Other Brooklyn Transfer: Lorimer St (L)/Metropolitan Av (G),,,,,,,,,,,
Canarsie,Bedford Av (L),B,,2880786,3323915,3783475,4246411,4617671,4619699,4899378,5013263,4999176,5766688,6504331
Canarsie,Canarsie Total,,,16914060,18944334,20877659,22524195,23739469,22991102,23831765,24112637,25013601,28100598,31033395
Flushing (Queens),Flushing-Main St (7),Q,,14664947,15673416,16582717,17270683,17450919,16449917,16794958,17063571,17818980,17987206,18429212
Flushing (Queens),Mets-Willets Point (7),Q,,927705,1065889,1224846,1362851,1397373,1339982,1353987,1538272,1735867,1863860,2036355
Flushing (Queens),111 St (7),Q,,2265748,2440398,2633793,2880255,3031618,2899626,2905699,2940221,3077946,3293751,3398514
Flushing (Queens),103 St-Corona Plaza (7),Q,,3947621,4328826,4747981,5120456,5129508,4881361,4764309,4871031,5142820,5396217,5893000
Flushing (Queens),Junction Blvd (7),Q,,5157592,5664467,6114861,6615247,6765353,6450669,6574854,6492502,6657782,6801898,6888532
Flushing (Queens),90 St-Elmhurst Av (7),Q,,4902209,5274341,5540085,5756272,5786723,5453880,5303427,5378847,5513425,5486746,5671029
Flushing (Queens),82 St-Jackson Hts (7),Q,,5143104,5553812,5898587,6363753,6273432,5845156,5571720,5519824,5481685,5311181,5438796
Flushing (Queens),74 St-Broadway (7),Q,"See Queens Transfer: 74-Broadway (7)/Jackson Hts-Roosevelt Av (E,F,M,R)",,,,,,,,,,,
Flushing (Queens),69 St (7),Q,,1375912,1546688,1594369,1732078,1729550,1684620,1623858,1612861,1646525,1603867,1615823
Flushing (Queens),Woodside-61 St (7),Q,,3846607,4172624,4546695,4894701,4885591,4772356,4878671,4920129,5094745,5169510,5517813
Flushing (Queens),52 St (7),Q,,1789861,1854997,1932097,2045660,2035015,1989342,2041649,2029460,2039685,2046013,2108716
Flushing (Queens),46 St-Bliss St (7),Q,,3759491,3922375,4192116,4378691,4329027,4249671,4282558,4370850,4499243,4489751,4706888
Flushing (Queens),40 St-Lowery St (7),Q,,2884755,3029710,3120614,3194535,3208254,3122161,3118398,3137953,3249075,3238060,3364462
Flushing (Queens),33 St-Rawson St (7),Q,,2563734,2801317,3041631,3041783,3261115,3423482,3219242,3181420,3306979,3433896,3584119
Flushing (Queens),Queensboro Plaza (7),Q,"See Queens Transfer: Queensboro Plaza (N,Q,7)",,,,,,,,,,,
Flushing (Queens),Court Sq (7),Q,"See Queens Transfer: Court Sq (E,G,M,7)",,,,,,,,,,,
Flushing (Queens),Hunters Point Av (7),Q,,1096777,1287449,1386684,1570022,1576228,1626564,1719781,1703096,1773821,1809854,1799350
Flushing (Queens),Vernon Blvd-Jackson Av (7),Q,,1694923,1680570,1749341,1844675,1723353,1748051,1841456,1858943,2016912,2414808,2967358
Flushing (Queens),Flushing (Queens) Total,,,56020986,60296879,64306417,68071662,68583059,65936838,65994567,66618980,69055490,70346618,73419967
Astoria,"Astoria-Ditmars Blvd (N,Q)",Q,,4235703,4395115,4534284,4684867,4774750,4662751,4706455,4794029,4941924,5090254,5276352
Astoria,"Astoria Blvd (N,Q)",Q,,2543903,2625687,2720539,2878864,3046649,2912579,3036773,3182143,3266184,3407485,3605708
Astoria,"30 Av (N,Q)",Q,,3587061,3725428,3734938,3780433,3885569,3868714,3982000,4046487,4173798,4335014,4445528
Astoria,"Broadway (N,Q)",Q,,3326320,3374355,3426057,3542286,3712393,3715489,3806187,3899010,4057520,4127193,4192433
Astoria,"36 Av (N,Q)",Q,,1808014,1871564,1865501,1941024,2055318,2054015,2123554,2186785,2259276,2297693,2359911
Astoria,"39 Av (N,Q)",Q,,424825,443129,476778,490623,539489,580183,599451,590683,629063,652674,698572
Astoria,"Queensboro Plaza (N,Q)",Q,"See Queens Transfer: Queensboro Plaza (N,Q,7)",,,,,,,,,,,
Astoria,Astoria Total,,,15925826,16435278,16758097,17318097,18014168,17793731,18254420,18699137,19327765,19910313,20578504
Downtown Brooklyn Transfer,"Court St (R)/Borough Hall (2,3,4,5)",B,,8755430,9269681,9923338,10154126,10007439,9905366,10068472,9857821,9746520,10147974,10698228
Downtown Brooklyn Transfer,"Jay St-MetroTech (A,C,F,R)",B,,8583410,9340790,9872448,10446016,10980334,10757128,10648020,10155638,10301473,10429024,10642207
Downtown Brooklyn Transfer,"Hoyt-Schermerhorn Sts (A,C,G)",B,,2107676,2270964,2433404,2637290,2803185,2657635,2603327,2555849,2685746,2641181,2897619
Downtown Brooklyn Transfer,"DeKalb Av (B,Q,R)",B,,3932933,4365486,4584575,4555544,4415846,4074539,3943980,4398460,4636026,4843313,5043274
Downtown Brooklyn Transfer,"Atlantic Av (B,Q,2,3,4,5)/Pacific St (D,N,R)",B,,6359588,6630855,6793160,6824355,7023218,6651271,7616059,8615349,9134590,9643487,10121151
Downtown Brooklyn Transfer,Downtown Brooklyn Transfer Total,,,29739037,31877776,33606925,34617331,35230022,34045939,34879858,35583117,36504355,37704979,39402479
Other Brooklyn Transfer,"Prospect Park (B,Q,S)",B,,1894381,2059531,2299429,2397513,2483034,2371966,2407758,2429105,2547571,2706111,2824450
Other Brooklyn Transfer,"Franklin Av (2,3,4,5)/Botanic Garden (S)",B,,3295682,3429997,3730945,3723729,3805122,3829297,3881696,3785648,3791133,4013780,4228510
Other Brooklyn Transfer,"Franklin Av (C,S)",B,,1024602,1135462,1291391,1436567,1452200,1378886,1425006,1372399,1467208,1562157,1659913
Other Brooklyn Transfer,New Utrecht Av (N)/62 St (D),B,,1134983,1192586,1223846,1293021,1372402,1357594,1369435,1473555,1558351,1672534,1689985
Other Brooklyn Transfer,"4 Av (F,G)/9 St (R)",B,,2200585,2351500,2531283,2743284,2808942,2798588,2895541,2957677,3100389,3220717,3433636
Other Brooklyn Transfer,"Broadway Junction (A,C,J,L,Z)",B,,1875274,2157394,2436704,2564744,2723305,2755443,2907219,3100697,3236530,2907085,2937794
Other Brooklyn Transfer,"Myrtle-Wyckoff Avs (L,M)",B,,3090655,3580947,3825544,4172431,4338567,4207017,4418404,4285081,4376360,4710774,5230077
Other Brooklyn Transfer,Lorimer St (L)/Metropolitan Av (G),B,,1777083,2184456,2480223,2814750,3036305,3213748,3111178,3458418,3577528,3859353,3831975
Other Brooklyn Transfer,"Coney Island-Stillwell Av (D,F,N,Q)",B,,3203121,3366797,3527852,3763352,3193955,1957321,2927108,3708468,3981855,4258403,4482958
Other Brooklyn Transfer,"West 8 St-New York Aquarium (F,Q)",B,,758364,794825,766410,783586,635201,0,412177,650601,680560,772932,809964
Other Brooklyn Transfer,Other Brooklyn Transfer Total,,,20254730,22253495,24113627,25692977,25849033,23869860,25755522,27221649,28317485,29683846,31129262
Queens Transfer,"Queensboro Plaza (N,Q,7)",Q,,2168402,2317187,2469153,2636511,2661602,2571671,2493945,2578405,2622553,2704362,2772097
Queens Transfer,"74-Bway (7)/Jackson Hts-Roosevelt Av (E,F,M,R)",Q,,11329341,12729748,13672288,13769858,13910931,13485469,13777542,14024464,14759672,15964663,16466572
Queens Transfer,"Court Sq (E,G,M,7)",Q,,3999718,4295306,4659309,4964556,6360620,6669877,7333573,7465169,7750896,7982397,8530602
Queens Transfer,"Sutphin Blvd-Archer Av-JFK Airport (E,J,Z)",Q,,4084024,4356805,4719753,4794549,4980193,4869844,5338138,5544960,5831016,6064612,6433286
Queens Transfer,"Jamaica Center-Parsons-Archer (E,J,Z)",Q,,10437312,10793005,11129316,11023711,11091332,11024047,11193200,11080033,11259917,11281412,11738947
Queens Transfer,Queens Transfer Total,,,32018797,34492051,36649819,37189185,39004678,38620908,40136398,40693031,42224054,43997446,45941504
Grand Total,Grand Total,,,1199330220,1283098990,1381147265,1406767963,1414650970,1385124771,1427391117,1450586429,1500247828,1563703626,1625069716
Brooklyn,Brooklyn,,,242272072,257384734,276129236,288697529,292329777,283959846,293034511,298405584,310403942,324264155,340763988
Bronx,Bronx,,,97692543,102898566,108515469,113364916,116822017,116584637,118529291,121197389,125269882,130833982,139326991
Manhattan,Manhattan,,,674929738,726691263,788260736,789627822,786417386,771340261,799523452,812376957,838479535,876966709,904312751
Queens,Queens,,,184435867,196124427,208241824,215077696,219081790,213240027,216303863,218606499,226094469,231638780,240665986
SysAdj,SysAdj,,,89173,-17569,-68370,-1467601,-1473018,-1055826,-1350974,-1477207,-1331845,-1188561,-1188350
Match to rev_ridsum,Match to rev_ridsum,,,-43,212,18,24,-9,-2,-7,20,1,0,3
Systemwide Adjustment,Systemwide Adjustment,,,89130,-17357,-68352,-1467577,-1473027,-1055828,-1350981,-1477187,-1331844,-1188561,-1188347
System Total,System Total,,,1199419350,1283081633,1381078913,1405300386,1413177943,1384068943,1426040136,1449109242,1498915984,1562515065,1623881369